{
  "Cd": 0.001788046,
  "fitness": 0.001788046
}