{
  "Cd": 0.001779375,
  "fitness": 0.001779375
}