{
  "Cd": 0.001631674,
  "fitness": 0.001631674
}