{
  "Cd": 0.001725663,
  "fitness": 0.001725663
}