{
  "Cd": 0.001519622,
  "volume": 6.499325100246485e-06,
  "volume_source": "bounding_box",
  "smoothness": 0.009923727063360407,
  "dimension_penalty": 0.0,
  "drag_component": 0.001519622,
  "volume_component": 0.0,
  "smoothness_component": 0.0,
  "dimension_component": 0.0,
  "total_fitness": 0.001519622
}