{
  "Cd": 0.001834552,
  "fitness": 0.001834552
}