{
  "Cd": 0.001831609,
  "fitness": 0.001831609
}