{
  "Cd": -1.118024e+193,
  "fitness": -1.118024e+193
}