{
  "Cd": 0.0019712,
  "fitness": 0.0019712
}