{
  "Cd": 0.001777094,
  "fitness": 0.001777094
}