{
  "Cd": 0.001681076,
  "fitness": 0.001681076
}