{
  "Cd": 0.001704897,
  "fitness": 0.001704897
}