{
  "Cd": 0.001695946,
  "fitness": 0.001695946
}