{
  "Cd": 0.001733664,
  "fitness": 0.001733664
}