{
  "Cd": 0.001750939,
  "fitness": 0.001750939
}