{
  "Cd": 0.001855673,
  "fitness": 0.001855673
}