{
  "Cd": 0.001763439,
  "fitness": 0.001763439
}