{
  "Cd": -3.088485e+37,
  "fitness": -3.088485e+37
}