{
  "Cd": 0.001695435,
  "fitness": 0.001695435
}