{
  "Cd": 0.001701665,
  "fitness": 0.001701665
}