{
  "Cd": 0.001686913,
  "fitness": 0.001686913
}