{
  "Cd": 0.001676708,
  "fitness": 0.001676708
}