{
  "Cd": 0.00168044,
  "fitness": 0.00168044
}