{
  "Cd": 0.001764771,
  "fitness": 0.001764771
}