{
  "Cd": 0.001632562,
  "fitness": 0.001632562
}