{
  "Cd": 0.00160212,
  "fitness": 0.00160212
}