{
  "Cd": -2.364263e+33,
  "fitness": -2.364263e+33
}