{
  "Cd": 0.001737375,
  "fitness": 0.001737375
}