{
  "Cd": 0.001646988,
  "fitness": 0.001646988
}