{
  "Cd": 9.223996e+52,
  "fitness": 9.223996e+52
}