{
  "Cd": 0.001629207,
  "fitness": 0.001629207
}