{
  "Cd": 0.001529928,
  "volume": 6.499429220811083e-06,
  "volume_source": "bounding_box",
  "smoothness": 0.00992372188616946,
  "dimension_penalty": 0.0,
  "drag_component": 0.001529928,
  "volume_component": 0.0,
  "smoothness_component": 0.0,
  "dimension_component": 0.0,
  "total_fitness": 0.001529928
}