{
  "Cd": 0.00172981,
  "fitness": 0.00172981
}