{
  "Cd": 0.001762039,
  "fitness": 0.001762039
}