{
  "Cd": 0.00176402,
  "fitness": 0.00176402
}