{
  "Cd": 0.001860217,
  "fitness": 0.001860217
}