{
  "Cd": 0.001783974,
  "fitness": 0.001783974
}