{
  "Cd": 0.001690992,
  "fitness": 0.001690992
}