{
  "Cd": 1.229767e+28,
  "fitness": 1.229767e+28
}