{
  "Cd": 0.00168922,
  "fitness": 0.00168922
}