{
  "Cd": 0.001766242,
  "fitness": 0.001766242
}