{
  "Cd": 1.399194e+21,
  "fitness": 1.399194e+21
}