{
  "Cd": -2.501971e+28,
  "fitness": -2.501971e+28
}