{
  "Cd": 0.001681843,
  "fitness": 0.001681843
}