{
  "Cd": 0.001669975,
  "fitness": 0.001669975
}