{
  "Cd": 0.001710271,
  "fitness": 0.001710271
}