{
  "Cd": 0.001691753,
  "fitness": 0.001691753
}