{
  "Cd": 0.001765219,
  "fitness": 0.001765219
}