{
  "Cd": 0.00169649,
  "fitness": 0.00169649
}