{
  "Cd": 0.001676967,
  "fitness": 0.001676967
}