{
  "Cd": 0.001795033,
  "fitness": 0.001795033
}