{
  "Cd": 0.001671611,
  "fitness": 0.001671611
}