{
  "Cd": 0.001720521,
  "fitness": 0.001720521
}