{
  "Cd": 0.001774774,
  "fitness": 0.001774774
}