{
  "Cd": -9.626091e+43,
  "fitness": -9.626091e+43
}