{
  "Cd": 0.001638216,
  "fitness": 0.001638216
}