{
  "Cd": 0.001661382,
  "fitness": 0.001661382
}