{
  "Cd": 0.001748805,
  "fitness": 0.001748805
}