{
  "Cd": 0.00173859,
  "fitness": 0.00173859
}