{
  "Cd": 0.001727185,
  "fitness": 0.001727185
}