{
  "Cd": 0.00173718,
  "fitness": 0.00173718
}