{
  "Cd": 0.001739892,
  "fitness": 0.001739892
}