{
  "Cd": 0.001783536,
  "fitness": 0.001783536
}