{
  "Cd": 0.001708358,
  "fitness": 0.001708358
}