{
  "Cd": 0.001516623,
  "volume": 7.314957709857469e-06,
  "volume_source": "bounding_box",
  "smoothness": 0.009840707008768289,
  "dimension_penalty": 0.0,
  "drag_component": 0.001516623,
  "volume_component": 0.0,
  "smoothness_component": 0.0,
  "dimension_component": 0.0,
  "total_fitness": 0.001516623
}