{
  "Cd": 3.417307e+38,
  "fitness": 3.417307e+38
}