{
  "Cd": 0.00174818,
  "fitness": 0.00174818
}