{
  "Cd": 0.001733944,
  "fitness": 0.001733944
}