{
  "Cd": 0.001751696,
  "fitness": 0.001751696
}