{
  "Cd": 0.001755016,
  "fitness": 0.001755016
}