{
  "Cd": 0.001885464,
  "fitness": 0.001885464
}