{
  "Cd": 0.01317732,
  "fitness": 0.01317732
}