{
  "Cd": 0.001750051,
  "fitness": 0.001750051
}