{
  "Cd": 0.001685758,
  "fitness": 0.001685758
}