{
  "Cd": 0.00174236,
  "fitness": 0.00174236
}