{
  "Cd": 0.001684824,
  "fitness": 0.001684824
}