{
  "Cd": 8.329408e+35,
  "fitness": 8.329408e+35
}