{
  "Cd": 0.001708178,
  "fitness": 0.001708178
}