{
  "Cd": 0.001720859,
  "fitness": 0.001720859
}