{
  "Cd": 0.001903091,
  "fitness": 0.001903091
}