{
  "Cd": 0.001753478,
  "fitness": 0.001753478
}