{
  "Cd": 0.001755878,
  "fitness": 0.001755878
}