{
  "Cd": 0.001819129,
  "fitness": 0.001819129
}