{
  "Cd": 0.001743047,
  "fitness": 0.001743047
}