{
  "Cd": -8.312946e+30,
  "fitness": -8.312946e+30
}