{
  "Cd": 0.001698972,
  "fitness": 0.001698972
}