{
  "Cd": 0.001849148,
  "fitness": 0.001849148
}