{
  "Cd": 0.00177723,
  "fitness": 0.00177723
}