{
  "Cd": -2.823782e+102,
  "fitness": -2.823782e+102
}