{
  "Cd": 0.001689161,
  "fitness": 0.001689161
}