{
  "Cd": 0.001707111,
  "fitness": 0.001707111
}