{
  "Cd": 0.001720657,
  "fitness": 0.001720657
}