{
  "Cd": 0.001734866,
  "fitness": 0.001734866
}