{
  "Cd": 0.001681043,
  "fitness": 0.001681043
}