{
  "Cd": 0.001783705,
  "fitness": 0.001783705
}