{
  "Cd": 0.001794009,
  "fitness": 0.001794009
}