{
  "Cd": 0.001694624,
  "fitness": 0.001694624
}