{
  "Cd": 0.001657556,
  "fitness": 0.001657556
}