{
  "Cd": 0.001742916,
  "fitness": 0.001742916
}