{
  "Cd": 0.001741702,
  "fitness": 0.001741702
}