{
  "Cd": 0.001758657,
  "fitness": 0.001758657
}