{
  "Cd": 0.001818214,
  "fitness": 0.001818214
}