{
  "Cd": 0.00166402,
  "fitness": 0.00166402
}