{
  "Cd": 0.001687459,
  "fitness": 0.001687459
}