{
  "Cd": 0.001695774,
  "fitness": 0.001695774
}