{
  "Cd": 0.001675967,
  "fitness": 0.001675967
}