{
  "Cd": 0.001766739,
  "fitness": 0.001766739
}