{
  "Cd": 0.001731815,
  "fitness": 0.001731815
}