{
  "Cd": 1.730734e+29,
  "fitness": 1.730734e+29
}