{
  "Cd": 0.001702539,
  "fitness": 0.001702539
}