{
  "Cd": 0.001688056,
  "fitness": 0.001688056
}