{
  "Cd": 0.001661536,
  "fitness": 0.001661536
}