{
  "Cd": 0.001638052,
  "fitness": 0.001638052
}