{
  "Cd": 0.001859204,
  "fitness": 0.001859204
}