{
  "Cd": 0.001803764,
  "fitness": 0.001803764
}