{
  "Cd": 1.318005e+27,
  "fitness": 1.318005e+27
}