{
  "Cd": 0.001906392,
  "fitness": 0.001906392
}