{
  "Cd": 0.001892267,
  "fitness": 0.001892267
}