{
  "Cd": 0.001522082,
  "volume": 1.0567493963690474e-05,
  "volume_source": "bounding_box",
  "smoothness": 0.009957071656054056,
  "dimension_penalty": 0.0,
  "drag_component": 0.001522082,
  "volume_component": 0.0,
  "smoothness_component": 0.0,
  "dimension_component": 0.0,
  "total_fitness": 0.001522082
}