{
  "Cd": 0.001740648,
  "fitness": 0.001740648
}