{
  "Cd": 0.001659407,
  "fitness": 0.001659407
}