{
  "Cd": 0.001766649,
  "fitness": 0.001766649
}