{
  "Cd": 0.001687068,
  "fitness": 0.001687068
}