{
  "Cd": -1.603939e+108,
  "fitness": -1.603939e+108
}