{
  "Cd": 0.001654002,
  "fitness": 0.001654002
}