{
  "Cd": 0.001633806,
  "fitness": 0.001633806
}