{
  "Cd": 0.001680578,
  "fitness": 0.001680578
}