{
  "Cd": 0.001652264,
  "fitness": 0.001652264
}