{
  "Cd": 0.001746041,
  "fitness": 0.001746041
}