{
  "Cd": 0.001749124,
  "fitness": 0.001749124
}