{
  "Cd": 0.001712892,
  "fitness": 0.001712892
}