{
  "Cd": 0.001734947,
  "fitness": 0.001734947
}