{
  "Cd": 0.001839757,
  "fitness": 0.001839757
}