{
  "Cd": 0.001963793,
  "fitness": 0.001963793
}