{
  "Cd": 0.001794981,
  "fitness": 0.001794981
}