{
  "Cd": 0.001670134,
  "fitness": 0.001670134
}