{
  "Cd": 0.001765669,
  "fitness": 0.001765669
}