{
  "Cd": 0.001764332,
  "fitness": 0.001764332
}