{
  "Cd": 0.001619449,
  "fitness": 0.001619449
}