{
  "Cd": 0.001859213,
  "fitness": 0.001859213
}