{
  "Cd": 0.00184252,
  "fitness": 0.00184252
}