{
  "Cd": 0.001704717,
  "fitness": 0.001704717
}