{
  "Cd": 0.001643077,
  "fitness": 0.001643077
}