{
  "Cd": 0.001665145,
  "fitness": 0.001665145
}