{
  "Cd": 0.001719963,
  "fitness": 0.001719963
}