{
  "Cd": 0.001781945,
  "fitness": 0.001781945
}