{
  "Cd": 0.0018466,
  "fitness": 0.0018466
}