{
  "Cd": 0.00192785,
  "fitness": 0.00192785
}