{
  "Cd": 0.001804157,
  "fitness": 0.001804157
}