{
  "Cd": 0.001719976,
  "fitness": 0.001719976
}