{
  "Cd": 0.001856463,
  "fitness": 0.001856463
}