{
  "Cd": 0.001708686,
  "fitness": 0.001708686
}