{
  "Cd": 8.822301e+25,
  "fitness": 8.822301e+25
}