{
  "Cd": 0.00174281,
  "fitness": 0.00174281
}