{
  "Cd": 0.001714467,
  "fitness": 0.001714467
}