{
  "Cd": -1.651123e+96,
  "fitness": -1.651123e+96
}