{
  "Cd": 0.00173841,
  "fitness": 0.00173841
}