{
  "Cd": 0.001913231,
  "fitness": 0.001913231
}