{
  "Cd": 0.001952696,
  "fitness": 0.001952696
}