{
  "Cd": 0.001852943,
  "fitness": 0.001852943
}