{
  "Cd": 0.001831407,
  "fitness": 0.001831407
}