{
  "Cd": 0.001734134,
  "fitness": 0.001734134
}