{
  "Cd": 5.807796e+43,
  "fitness": 5.807796e+43
}