{
  "Cd": 0.001702078,
  "fitness": 0.001702078
}