{
  "Cd": 0.00162784,
  "fitness": 0.00162784
}