{
  "Cd": 0.001685814,
  "fitness": 0.001685814
}