{
  "Cd": 0.001678604,
  "fitness": 0.001678604
}