{
  "Cd": 0.001776529,
  "fitness": 0.001776529
}