{
  "Cd": 0.001708351,
  "fitness": 0.001708351
}