{
  "Cd": 0.001636827,
  "fitness": 0.001636827
}