{
  "Cd": 0.001690907,
  "fitness": 0.001690907
}