{
  "Cd": 0.001681385,
  "fitness": 0.001681385
}