{
  "Cd": 0.001717366,
  "fitness": 0.001717366
}