{
  "Cd": -7.067134e+32,
  "fitness": -7.067134e+32
}