{
  "Cd": 0.001765514,
  "fitness": 0.001765514
}