{
  "Cd": 0.001702002,
  "fitness": 0.001702002
}