{
  "Cd": 0.001681834,
  "fitness": 0.001681834
}