{
  "Cd": 0.001684035,
  "fitness": 0.001684035
}