{
  "Cd": 0.001695191,
  "fitness": 0.001695191
}