{
  "Cd": 5.24858e+33,
  "fitness": 5.24858e+33
}