{
  "Cd": 0.001930618,
  "fitness": 0.001930618
}