{
  "Cd": 0.00177061,
  "fitness": 0.00177061
}