{
  "Cd": 0.00164996,
  "fitness": 0.00164996
}