{
  "Cd": 0.001666574,
  "fitness": 0.001666574
}