{
  "Cd": 1.217389e+26,
  "fitness": 1.217389e+26
}