{
  "Cd": 0.001735695,
  "fitness": 0.001735695
}