{
  "Cd": 0.001737546,
  "fitness": 0.001737546
}