{
  "Cd": 0.001802021,
  "fitness": 0.001802021
}