{
  "Cd": 0.001910473,
  "fitness": 0.001910473
}