{
  "Cd": 0.001665883,
  "fitness": 0.001665883
}