{
  "Cd": 0.001531631,
  "volume": 6.9091882432934635e-06,
  "volume_source": "bounding_box",
  "smoothness": 0.009917474022872207,
  "dimension_penalty": 0.0,
  "drag_component": 0.001531631,
  "volume_component": 0.0,
  "smoothness_component": 0.0,
  "dimension_component": 0.0,
  "total_fitness": 0.001531631
}