{
  "Cd": -4.177725e+36,
  "fitness": -4.177725e+36
}