{
  "Cd": 0.001673867,
  "fitness": 0.001673867
}