{
  "Cd": 0.001519241,
  "volume": 1.0496541570612409e-05,
  "volume_source": "bounding_box",
  "smoothness": 0.009957030423373545,
  "dimension_penalty": 0.0,
  "drag_component": 0.001519241,
  "volume_component": 0.0,
  "smoothness_component": 0.0,
  "dimension_component": 0.0,
  "total_fitness": 0.001519241
}