{
  "Cd": 0.001653951,
  "fitness": 0.001653951
}