{
  "Cd": 0.001916404,
  "fitness": 0.001916404
}