{
  "Cd": 0.001697614,
  "fitness": 0.001697614
}