{
  "Cd": 0.001823556,
  "fitness": 0.001823556
}