{
  "Cd": 0.001747062,
  "fitness": 0.001747062
}