{
  "Cd": 0.001738997,
  "fitness": 0.001738997
}