{
  "Cd": 0.001673877,
  "fitness": 0.001673877
}