{
  "Cd": 0.001714191,
  "fitness": 0.001714191
}