{
  "Cd": 0.001852782,
  "fitness": 0.001852782
}