{
  "Cd": 0.001764535,
  "fitness": 0.001764535
}