{
  "Cd": 0.001792267,
  "fitness": 0.001792267
}