{
  "Cd": 0.001761292,
  "volume": 3.5700000348873423e-05,
  "volume_source": "bounding_box",
  "smoothness": 0.14959965017094254,
  "dimension_penalty": 0.0,
  "drag_component": 0.001761292,
  "volume_component": 3505.050540290245,
  "smoothness_component": 0.7479982508547127,
  "dimension_component": 0.0,
  "total_fitness": 3505.8002998331
}