{
<<<<<<< HEAD
  "Cd": 0.001768089,
  "fitness": 0.001768089
=======
  "Cd": 0.001762755,
  "fitness": 0.001762755
>>>>>>> origin/main
}