{
  "Cd": 0.001762755,
  "fitness": 0.001762755
}