{
  "Cd": 0.001768089,
  "fitness": 0.001768089
}