{
  "Cd": 0.001770225,
  "fitness": 0.001770225
}