{
  "Cd": 4.348969e+27,
  "fitness": 4.348969e+27
}