{
  "Cd": 0.001720173,
  "fitness": 0.001720173
}