{
  "Cd": 0.001753985,
  "fitness": 0.001753985
}