{
  "Cd": 0.001802958,
  "fitness": 0.001802958
}