{
  "Cd": 0.001765362,
  "fitness": 0.001765362
}