{
  "Cd": 0.001645217,
  "fitness": 0.001645217
}