{
  "Cd": 0.001525955,
  "volume": 6.499429220811083e-06,
  "volume_source": "bounding_box",
  "smoothness": 0.009923734017666344,
  "dimension_penalty": 0.0,
  "drag_component": 0.001525955,
  "volume_component": 0.0,
  "smoothness_component": 0.0,
  "dimension_component": 0.0,
  "total_fitness": 0.001525955
}