{
  "Cd": 0.001734225,
  "fitness": 0.001734225
}