{
  "Cd": 0.001701983,
  "fitness": 0.001701983
}