{
  "Cd": 0.001646993,
  "fitness": 0.001646993
}