{
  "Cd": 0.001734551,
  "fitness": 0.001734551
}