{
  "Cd": 0.001727336,
  "fitness": 0.001727336
}