{
  "Cd": 0.001523677,
  "volume": 6.562380582580335e-06,
  "volume_source": "bounding_box",
  "smoothness": 0.00992373680374039,
  "dimension_penalty": 0.0,
  "drag_component": 0.001523677,
  "volume_component": 0.0,
  "smoothness_component": 0.0,
  "dimension_component": 0.0,
  "total_fitness": 0.001523677
}