{
  "Cd": 6.089495e+27,
  "fitness": 6.089495e+27
}