{
  "Cd": 0.001663319,
  "fitness": 0.001663319
}