{
  "Cd": 0.001777127,
  "fitness": 0.001777127
}