{
  "Cd": 0.001816541,
  "fitness": 0.001816541
}