{
  "Cd": 0.001770764,
  "fitness": 0.001770764
}