{
  "Cd": 0.001761741,
  "fitness": 0.001761741
}