{
<<<<<<< HEAD
  "Cd": 0.001698635,
  "fitness": 0.001698635
=======
  "Cd": 0.001761741,
  "fitness": 0.001761741
>>>>>>> origin/main
}