{
  "Cd": 0.001698635,
  "fitness": 0.001698635
}