{
  "Cd": 0.001835495,
  "fitness": 0.001835495
}