{
  "Cd": 0.001677303,
  "fitness": 0.001677303
}