{
  "Cd": 0.001789019,
  "fitness": 0.001789019
}