{
  "Cd": 0.001858375,
  "fitness": 0.001858375
}