{
  "Cd": 0.001689789,
  "fitness": 0.001689789
}