{
  "Cd": 0.00177413,
  "fitness": 0.00177413
}