{
  "Cd": 0.001889653,
  "fitness": 0.001889653
}