{
  "Cd": 0.001722225,
  "fitness": 0.001722225
}