{
  "Cd": 0.001683281,
  "fitness": 0.001683281
}