{
  "Cd": 0.001704706,
  "fitness": 0.001704706
}