{
  "Cd": 0.001794499,
  "fitness": 0.001794499
}