{
  "Cd": 0.001720123,
  "fitness": 0.001720123
}