{
  "Cd": 0.001787422,
  "fitness": 0.001787422
}