{
  "Cd": 0.001784012,
  "fitness": 0.001784012
}