{
  "Cd": 0.001769087,
  "fitness": 0.001769087
}