{
<<<<<<< HEAD
  "Cd": 0.001769087,
  "fitness": 0.001769087
=======
  "Cd": 0.001784012,
  "fitness": 0.001784012
>>>>>>> origin/main
}