{
  "Cd": 0.001785643,
  "fitness": 0.001785643
}