{
  "Cd": 0.001738936,
  "fitness": 0.001738936
}