{
  "Cd": 0.001663711,
  "fitness": 0.001663711
}