{
  "Cd": 0.001667859,
  "fitness": 0.001667859
}