{
  "Cd": 0.001716329,
  "fitness": 0.001716329
}