{
  "Cd": 4.754527e+49,
  "fitness": 4.754527e+49
}