{
  "Cd": 0.001801468,
  "fitness": 0.001801468
}