{
  "Cd": 0.001739418,
  "fitness": 0.001739418
}