{
  "Cd": 0.001698914,
  "fitness": 0.001698914
}