{
  "Cd": 0.001705558,
  "fitness": 0.001705558
}