{
  "Cd": 0.001818039,
  "fitness": 0.001818039
}