{
  "Cd": 0.001681053,
  "fitness": 0.001681053
}