{
  "Cd": 0.00174734,
  "fitness": 0.00174734
}