{
  "Cd": -1.479426e+24,
  "fitness": -1.479426e+24
}