{
  "Cd": 0.001900456,
  "fitness": 0.001900456
}