{
  "Cd": 0.001692951,
  "fitness": 0.001692951
}