{
  "Cd": 0.001640395,
  "fitness": 0.001640395
}