{
  "Cd": 0.001760593,
  "fitness": 0.001760593
}