{
  "Cd": 0.001858855,
  "fitness": 0.001858855
}