{
  "Cd": 0.001847232,
  "fitness": 0.001847232
}