{
  "Cd": 0.001696375,
  "fitness": 0.001696375
}