{
  "Cd": 5.379424e+41,
  "fitness": 5.379424e+41
}