{
  "Cd": 0.001786421,
  "fitness": 0.001786421
}