{
  "Cd": 0.001629816,
  "fitness": 0.001629816
}