{
  "Cd": -8.757766e+21,
  "fitness": -8.757766e+21
}