{
  "Cd": 0.001734363,
  "fitness": 0.001734363
}