{
  "Cd": 0.001654164,
  "fitness": 0.001654164
}