{
  "Cd": 4.40818e+33,
  "fitness": 4.40818e+33
}