{
  "Cd": 0.001733715,
  "fitness": 0.001733715
}