{
  "Cd": 0.001825488,
  "fitness": 0.001825488
}