{
  "Cd": 0.001781937,
  "fitness": 0.001781937
}