{
  "Cd": 0.001639451,
  "fitness": 0.001639451
}