{
  "Cd": 0.001751896,
  "fitness": 0.001751896
}