{
  "Cd": 0.001772153,
  "fitness": 0.001772153
}