{
  "Cd": 0.001988985,
  "fitness": 0.001988985
}