{
  "Cd": 0.001703464,
  "fitness": 0.001703464
}