{
  "Cd": 0.001788906,
  "fitness": 0.001788906
}