{
  "Cd": -3.943754e+48,
  "fitness": -3.943754e+48
}