{
  "Cd": 0.001776596,
  "fitness": 0.001776596
}