{
  "Cd": 0.001909253,
  "fitness": 0.001909253
}