{
  "Cd": 1.010673e+44,
  "fitness": 1.010673e+44
}