{
  "Cd": 1.328591e+32,
  "fitness": 1.328591e+32
}