{
  "Cd": 0.001695076,
  "fitness": 0.001695076
}