{
  "Cd": 0.001688134,
  "fitness": 0.001688134
}