{
  "Cd": 0.001705655,
  "fitness": 0.001705655
}