{
  "Cd": 0.001708539,
  "fitness": 0.001708539
}