{
  "Cd": 0.001720599,
  "fitness": 0.001720599
}