{
  "Cd": 0.001722068,
  "fitness": 0.001722068
}