{
  "Cd": 0.001926841,
  "fitness": 0.001926841
}