{
  "Cd": 0.001845711,
  "fitness": 0.001845711
}