{
  "Cd": 0.001523699,
  "volume": 7.858049173285044e-06,
  "volume_source": "bounding_box",
  "smoothness": 0.009864246486240251,
  "dimension_penalty": 0.0,
  "drag_component": 0.001523699,
  "volume_component": 0.0,
  "smoothness_component": 0.0,
  "dimension_component": 0.0,
  "total_fitness": 0.001523699
}