{
  "Cd": 0.00174824,
  "fitness": 0.00174824
}