{
  "Cd": 0.001708709,
  "fitness": 0.001708709
}